﻿<?xml version="1.0" encoding="utf-8"?>
<!-- WebCT XML Content generated by WebCT Content Packaging API -->
<manifest identifier="CMD_7926940_M" version="1.0" xmlns="http://www.imsproject.org/content" xmlns:webct="http://www.webct.com/IMS">
  <metadata>
    <schema>WebCT Content</schema>
    <schemaversion>2.16</schemaversion>
    <lom xmlns="http://www.imsproject.org/metadata">
      <general>
      <title>
          <langstring xml:lang="en-US">Модуль содержания</langstring>
        </title>
      </general>
      <educational>
        <learningresourcetype>
          <source>
            <langstring xml:lang="x-none">WebCT</langstring>
          </source>
          <value>
            <langstring xml:lang="x-none">Content Module</langstring>
          </value>
        </learningresourcetype>
      </educational>
    </lom>
  </metadata>
  <organizations>
    <organization identifier="MANIFEST01_ORG1">
      <webct:properties identifierref="MANIFEST01_ORG0" />
      
      <item identifier="ITEM1" identifierref="MANIFEST_RESOURCE1" isvisible="1" parameters="">
      <title>Глава 4.  Моделирование взаимодействия процессов. Сети Петри</title>
        
      <item identifier="ITEM2" identifierref="MANIFEST_RESOURCE2" isvisible="1" parameters="">
      <title>4.1 Введение в сети Петри</title>
        
      </item>
        
      <item identifier="ITEM3" identifierref="MANIFEST_RESOURCE3" isvisible="1" parameters="">
      <title>4.2 Основные определения</title>
          
      <item identifier="ITEM4" identifierref="MANIFEST_RESOURCE4" isvisible="1" parameters="">
      <title>4.2.1 Теоретико-множественное определение сетей Петри</title>
          
      </item>
          
      <item identifier="ITEM5" identifierref="MANIFEST_RESOURCE5" isvisible="1" parameters="">
      <title>4.2.2 Графы сетей Петри</title>
          
      </item>
          
      <item identifier="ITEM6" identifierref="MANIFEST_RESOURCE6" isvisible="1" parameters="">
      <title>4.2.3 Маркировка сетей Петри</title>
          
      </item>
          
      <item identifier="ITEM7" identifierref="MANIFEST_RESOURCE7" isvisible="1" parameters="">
      <title>4.2.4 Правила выполнения сетей Петри</title>
          
      </item>
        
      </item>
        
      <item identifier="ITEM8" identifierref="MANIFEST_RESOURCE8" isvisible="1" parameters="">
      <title>4.3 Моделирование систем на основе сетей Петри</title>
          
      <item identifier="ITEM9" identifierref="MANIFEST_RESOURCE9" isvisible="1" parameters="">
      <title>4.3.1 События и условия</title>
          
      </item>
          
      <item identifier="ITEM10" identifierref="MANIFEST_RESOURCE10" isvisible="1" parameters="">
      <title>4.3.2 Одновременность и конфликт</title>
          
      </item>
        
      </item>
        
      <item identifier="ITEM11" identifierref="MANIFEST_RESOURCE11" isvisible="1" parameters="">
      <title>4.4 Моделирование параллельных систем взаимодействующих процессов</title>
          
      <item identifier="ITEM12" identifierref="MANIFEST_RESOURCE12" isvisible="1" parameters="">
      <title>4.4.1 Моделирование последовательных процессов</title>
          
      </item>
          
      <item identifier="ITEM13" identifierref="MANIFEST_RESOURCE13" isvisible="1" parameters="">
      <title>4.4.2 Моделирование взаимодействия процессов</title>
          
      </item>
          
      <item identifier="ITEM14" identifierref="MANIFEST_RESOURCE14" isvisible="1" parameters="">
      <title>4.4.3 Задача о взаимном исключении</title>
          
      </item>
          
      <item identifier="ITEM15" identifierref="MANIFEST_RESOURCE15" isvisible="1" parameters="">
      <title>4.4.4 Задача о производителе/потребителе</title>
          
      </item>
          
      <item identifier="ITEM16" identifierref="MANIFEST_RESOURCE16" isvisible="1" parameters="">
      <title>4.4.5 Задача об обедающих философах</title>
          
      </item>
        
      </item>
        
      <item identifier="ITEM17" identifierref="MANIFEST_RESOURCE17" isvisible="1" parameters="">
      <title>4.5 Анализ сетей Петри</title>
          
      <item identifier="ITEM18" identifierref="MANIFEST_RESOURCE18" isvisible="1" parameters="">
      <title>4.5.1 Свойства сетей Петри</title>
          
      </item>
          
      <item identifier="ITEM19" identifierref="MANIFEST_RESOURCE19" isvisible="1" parameters="">
      <title>4.5.2 Методы анализа</title>
          
      </item>
          
      <item identifier="ITEM20" identifierref="MANIFEST_RESOURCE20" isvisible="1" parameters="">
      <title>4.5.3 Анализ свойств сетей Петри на основе дерева достижимости</title>
          
      </item>
          
      <item identifier="ITEM21" identifierref="MANIFEST_RESOURCE21" isvisible="1" parameters="">
      <title>4.5.4 Матричные уравнения</title>
          
      </item>
        
      </item>
        
      <item identifier="ITEM22" identifierref="MANIFEST_RESOURCE22" isvisible="1" parameters="">
      <title>Контрольные вопросы по главе 4</title>
        
      </item>
      
      </item>
    </organization>
  </organizations>
  <resources>
    <resource identifier="MANIFEST_RESOURCE1" type="webcontent" href="HTML/Page1.HTML">
      <file href="HTML/Page1.HTML" />
    </resource>
    <resource identifier="MANIFEST_RESOURCE2" type="webcontent" href="HTML/Page2.HTML">
      <file href="HTML/Page2.HTML" />
    </resource>

    <resource identifier="MANIFEST_RESOURCE4" type="webcontent" href="HTML/Page4.HTML">
      <file href="HTML/Page4.HTML" />
    </resource>
    <resource identifier="MANIFEST_RESOURCE5" type="webcontent" href="HTML/Page5.HTML">
      <file href="HTML/Page5.HTML" />
    </resource>
    <resource identifier="MANIFEST_RESOURCE6" type="webcontent" href="HTML/Page6.HTML">
      <file href="HTML/Page6.HTML" />
    </resource>
    <resource identifier="MANIFEST_RESOURCE7" type="webcontent" href="HTML/Page7.HTML">
      <file href="HTML/Page7.HTML" />
    </resource>

    <resource identifier="MANIFEST_RESOURCE9" type="webcontent" href="HTML/Page9.HTML">
      <file href="HTML/Page9.HTML" />
    </resource>
    <resource identifier="MANIFEST_RESOURCE10" type="webcontent" href="HTML/Page10.HTML">
      <file href="HTML/Page10.HTML" />
    </resource>

    <resource identifier="MANIFEST_RESOURCE12" type="webcontent" href="HTML/Page12.HTML">
      <file href="HTML/Page12.HTML" />
    </resource>
    <resource identifier="MANIFEST_RESOURCE13" type="webcontent" href="HTML/Page13.HTML">
      <file href="HTML/Page13.HTML" />
    </resource>
    <resource identifier="MANIFEST_RESOURCE14" type="webcontent" href="HTML/Page14.HTML">
      <file href="HTML/Page14.HTML" />
    </resource>
    <resource identifier="MANIFEST_RESOURCE15" type="webcontent" href="HTML/Page15.HTML">
      <file href="HTML/Page15.HTML" />
    </resource>
    <resource identifier="MANIFEST_RESOURCE16" type="webcontent" href="HTML/Page16.HTML">
      <file href="HTML/Page16.HTML" />
    </resource>
    <resource identifier="MANIFEST_RESOURCE17" type="webcontent" href="HTML/Page17.HTML">
      <file href="HTML/Page17.HTML" />
    </resource>
    <resource identifier="MANIFEST_RESOURCE18" type="webcontent" href="HTML/Page18.HTML">
      <file href="HTML/Page18.HTML" />
    </resource>
    <resource identifier="MANIFEST_RESOURCE19" type="webcontent" href="HTML/Page19.HTML">
      <file href="HTML/Page19.HTML" />
    </resource>
    <resource identifier="MANIFEST_RESOURCE20" type="webcontent" href="HTML/Page20.HTML">
      <file href="HTML/Page20.HTML" />
    </resource>
    <resource identifier="MANIFEST_RESOURCE21" type="webcontent" href="HTML/Page21.HTML">
      <file href="HTML/Page21.HTML" />
    </resource>
    <resource identifier="MANIFEST_RESOURCE22" type="webcontent" href="HTML/Page22.HTML">
      <file href="HTML/Page22.HTML" />
    </resource>
  </resources>
</manifest>