﻿<?xml version="1.0" encoding="utf-8"?>
<!-- WebCT XML Content generated by WebCT Content Packaging API -->
<manifest identifier="CMD_7926940_M" version="1.0" xmlns="http://www.imsproject.org/content" xmlns:webct="http://www.webct.com/IMS">
  <metadata>
    <schema>WebCT Content</schema>
    <schemaversion>2.16</schemaversion>
    <lom xmlns="http://www.imsproject.org/metadata">
      <general>
      <title>
          <langstring xml:lang="en-US">Модуль содержания</langstring>
        </title>
      </general>
      <educational>
        <learningresourcetype>
          <source>
            <langstring xml:lang="x-none">WebCT</langstring>
          </source>
          <value>
            <langstring xml:lang="x-none">Content Module</langstring>
          </value>
        </learningresourcetype>
      </educational>
    </lom>
  </metadata>
  <organizations>
    <organization identifier="MANIFEST01_ORG1">
      <webct:properties identifierref="MANIFEST01_ORG0" />
      
      <item identifier="ITEM1" identifierref="MANIFEST_RESOURCE1" isvisible="1" parameters="">
      <title>Глава 2. Семантическая теория программ</title>
        
      <item identifier="ITEM2" identifierref="MANIFEST_RESOURCE2" isvisible="1" parameters="">
      <title>2.1 Описание смысла программ</title>
        
      </item>
        
      <item identifier="ITEM3" identifierref="MANIFEST_RESOURCE3" isvisible="1" parameters="">
      <title>2.2 Операционная семантика</title>
        
      </item>
        
      <item identifier="ITEM4" identifierref="MANIFEST_RESOURCE4" isvisible="1" parameters="">
      <title>2.3 Аксиоматическая семантика</title>
          
      <item identifier="ITEM5" identifierref="MANIFEST_RESOURCE5" isvisible="1" parameters="">
      <title>2.3.1 Преобразователь предикатов</title>
          
      </item>
          
      <item identifier="ITEM6" identifierref="MANIFEST_RESOURCE6" isvisible="1" parameters="">
      <title>2.3.2 Аксиоматическое определение операторов языка программирования</title>
          
      </item>
        
      </item>
        
      <item identifier="ITEM7" identifierref="MANIFEST_RESOURCE7" isvisible="1" parameters="">
      <title>2.4 Денотационная семантика</title>
        
      </item>
        
      <item identifier="ITEM8" identifierref="MANIFEST_RESOURCE8" isvisible="1" parameters="">
      <title>2.5 Декларативная семантика</title>
        
      </item>
        
      <item identifier="ITEM9" identifierref="MANIFEST_RESOURCE9" isvisible="1" parameters="">
      <title>2.6 Языки формальной спецификации</title>
        
      </item>
        
      <item identifier="ITEM10" identifierref="MANIFEST_RESOURCE10" isvisible="1" parameters="">
      <title>2.7 Верификация программ</title>
          
      <item identifier="ITEM11" identifierref="MANIFEST_RESOURCE11" isvisible="1" parameters="">
      <title>2.7.1 Методы доказательства правильности программ</title>
          
      </item>
          
      <item identifier="ITEM12" identifierref="MANIFEST_RESOURCE12" isvisible="1" parameters="">
      <title>2.7.2 Использование утверждений в программах</title>
          
      </item>
          
      <item identifier="ITEM13" identifierref="MANIFEST_RESOURCE13" isvisible="1" parameters="">
      <title>2.7.3 Правила верификации Хоара</title>
          
      </item>
        
      </item>
        
      <item identifier="ITEM14" identifierref="MANIFEST_RESOURCE14" isvisible="1" parameters="">
      <title>Контрольные вопросы по главе 2</title>
        
      </item>
      
      </item>
    </organization>
  </organizations>
  <resources>
    <resource identifier="MANIFEST_RESOURCE1" type="webcontent" href="HTML/Page1.HTML">
      <file href="HTML/Page1.HTML" />
    </resource>
    <resource identifier="MANIFEST_RESOURCE2" type="webcontent" href="HTML/Page2.HTML">
      <file href="HTML/Page2.HTML" />
    </resource>
    <resource identifier="MANIFEST_RESOURCE3" type="webcontent" href="HTML/Page3.HTML">
      <file href="HTML/Page3.HTML" />
    </resource>
    <resource identifier="MANIFEST_RESOURCE4" type="webcontent" href="HTML/Page4.HTML">
      <file href="HTML/Page4.HTML" />
    </resource>
    <resource identifier="MANIFEST_RESOURCE5" type="webcontent" href="HTML/Page5.HTML">
      <file href="HTML/Page5.HTML" />
    </resource>
    <resource identifier="MANIFEST_RESOURCE6" type="webcontent" href="HTML/Page6.HTML">
      <file href="HTML/Page6.HTML" />
    </resource>
    <resource identifier="MANIFEST_RESOURCE7" type="webcontent" href="HTML/Page7.HTML">
      <file href="HTML/Page7.HTML" />
    </resource>
    <resource identifier="MANIFEST_RESOURCE8" type="webcontent" href="HTML/Page8.HTML">
      <file href="HTML/Page8.HTML" />
    </resource>
    <resource identifier="MANIFEST_RESOURCE9" type="webcontent" href="HTML/Page9.HTML">
      <file href="HTML/Page9.HTML" />
    </resource>

    <resource identifier="MANIFEST_RESOURCE11" type="webcontent" href="HTML/Page11.HTML">
      <file href="HTML/Page11.HTML" />
    </resource>
    <resource identifier="MANIFEST_RESOURCE12" type="webcontent" href="HTML/Page12.HTML">
      <file href="HTML/Page12.HTML" />
    </resource>
    <resource identifier="MANIFEST_RESOURCE13" type="webcontent" href="HTML/Page13.HTML">
      <file href="HTML/Page13.HTML" />
    </resource>
    <resource identifier="MANIFEST_RESOURCE14" type="webcontent" href="HTML/Page14.HTML">
      <file href="HTML/Page14.HTML" />
    </resource>
  </resources>
</manifest>