﻿<?xml version="1.0" encoding="utf-8"?>
<!-- WebCT XML Content generated by WebCT Content Packaging API -->
<manifest identifier="CMD_7926940_M" version="1.0" xmlns="http://www.imsproject.org/content" xmlns:webct="http://www.webct.com/IMS">
    <metadata>
        <schema>WebCT Content</schema>
        <schemaversion>2.16</schemaversion>
        <lom xmlns="http://www.imsproject.org/metadata">
            <general>
                <title>
                    <langstring xml:lang="en-US">Модуль содержания</langstring>
                </title>
            </general>
            <educational>
                <learningresourcetype>
                    <source>
                    <langstring xml:lang="x-none">WebCT</langstring>
                    </source>
                    <value>
                        <langstring xml:lang="x-none">Content Module</langstring>
                    </value>
                </learningresourcetype>
            </educational>
        </lom>
    </metadata>
    <organizations>
        <organization identifier="MANIFEST01_ORG1">
            <webct:properties identifierref="MANIFEST01_ORG0" />
            <item identifier="ITEM1" identifierref="MANIFEST_RESOURCE1" isvisible="1" parameters="">
                <title>Глава 1. Схемы программ</title>
                <item identifier="ITEM2" identifierref="MANIFEST_RESOURCE2" isvisible="1" parameters="">
                    <title>1.1 Предварительные математические сведения</title>
                    <item identifier="ITEM3" identifierref="MANIFEST_RESOURCE3" isvisible="1" parameters="">
                        <title>1.1.1 Функции и графы</title>
                    </item>
                    <item identifier="ITEM4" identifierref="MANIFEST_RESOURCE4" isvisible="1" parameters="">
                        <title>1.1.2 Вычислимость и разрешимость</title>
                    </item>
                    <item identifier="ITEM5" identifierref="MANIFEST_RESOURCE5" isvisible="1" parameters="">
                        <title>1.1.3 Программы и схемы программ</title>
                    </item>
                </item>
                <item identifier="ITEM6" identifierref="MANIFEST_RESOURCE6" isvisible="1" parameters="">
                    <title>1.2 Стандартные схемы программ</title>
                    <item identifier="ITEM7" identifierref="MANIFEST_RESOURCE7" isvisible="1" parameters="">
                        <title>1.2.1 Базис класса стандартных схем программ</title>
                    </item>
                    <item identifier="ITEM8" identifierref="MANIFEST_RESOURCE8" isvisible="1" parameters="">
                        <title>1.2.2 Графовая форма стандартной схемы</title>
                    </item>
                    <item identifier="ITEM9" identifierref="MANIFEST_RESOURCE9" isvisible="1" parameters="">
                        <title>1.2.3 Линейная форма стандартной схемы</title>
                    </item>
                    <item identifier="ITEM10" identifierref="MANIFEST_RESOURCE10" isvisible="1" parameters="">
                        <title>1.2.4 Интерпретация стандартных схем программ</title>
                    </item>
                </item>
                <item identifier="ITEM11" identifierref="MANIFEST_RESOURCE11" isvisible="1" parameters="">
                    <title>1.3 Свойства и виды стандартных схем программ</title>
                    <item identifier="ITEM12" identifierref="MANIFEST_RESOURCE12" isvisible="1" parameters="">
                        <title>1.3.1 Эквивалентность, тотальность, пустота, свобода</title>
                    </item>
                    <item identifier="ITEM13" identifierref="MANIFEST_RESOURCE13" isvisible="1" parameters="">
                        <title>1.3.2 Свободные интерпретации</title>
                    </item>
                    <item identifier="ITEM14" identifierref="MANIFEST_RESOURCE14" isvisible="1" parameters="">
                        <title>1.3.3 Согласованные свободные интерпретации</title>
                    </item>
                    <item identifier="ITEM15" identifierref="MANIFEST_RESOURCE15" isvisible="1" parameters="">
                        <title>1.3.4 Логико-термальная эквивалентность</title>
                    </item>
                </item>
                <item identifier="ITEM16" identifierref="MANIFEST_RESOURCE16" isvisible="1" parameters="">
                    <title>1.4 Моделирование стандартных схем программ</title>
                    <item identifier="ITEM17" identifierref="MANIFEST_RESOURCE17" isvisible="1" parameters="">
                        <title>1.4.1 Одноленточные автоматы</title>
                    </item>
                    <item identifier="ITEM18" identifierref="MANIFEST_RESOURCE18" isvisible="1" parameters="">
                        <title>1.4.2 Многоленточные автоматы</title>
                    </item>
                    <item identifier="ITEM19" identifierref="MANIFEST_RESOURCE19" isvisible="1" parameters="">
                        <title>1.4.3 Двухголовочные автоматы</title>
                    </item>
                    <item identifier="ITEM20" identifierref="MANIFEST_RESOURCE20" isvisible="1" parameters="">
                        <title>1.4.4 Двоичный двухголовочный автомат</title>
                    </item>
                </item>
                <item identifier="ITEM21" identifierref="MANIFEST_RESOURCE21" isvisible="1" parameters="">
                    <title>1.5 Рекурсивные схемы</title>
                    <item identifier="ITEM22" identifierref="MANIFEST_RESOURCE22" isvisible="1" parameters="">
                        <title>1.5.1 Рекурсивное программирование</title>
                    </item>
                    <item identifier="ITEM23" identifierref="MANIFEST_RESOURCE23" isvisible="1" parameters="">
                        <title>1.5.2 Определение рекурсивной схемы</title>
                    </item>
                </item>
                <item identifier="ITEM24" identifierref="MANIFEST_RESOURCE24" isvisible="1" parameters="">
                    <title>1.6 Трансляция схем программ</title>
                    <item identifier="ITEM25" identifierref="MANIFEST_RESOURCE25" isvisible="1" parameters="">
                        <title>1.6.1 О сравнении классов схем</title>
                    </item>
                    <item identifier="ITEM26" identifierref="MANIFEST_RESOURCE26" isvisible="1" parameters="">
                        <title>1.6.2 Схемы с процедурами</title>
                    </item>
                </item>
                
                    
                <item identifier="ITEM27" identifierref="MANIFEST_RESOURCE27" isvisible="1" parameters="">
                    <title>1.7 Обогащенные и структурированные схемы</title>
                    <item identifier="ITEM28" identifierref="MANIFEST_RESOURCE28" isvisible="1" parameters="">
                        <title>1.7.1 Классы обогащенных схем</title>
                    </item>
                    <item identifier="ITEM29" identifierref="MANIFEST_RESOURCE29" isvisible="1" parameters="">
                        <title>1.7.2 Трансляция обогащенных схем</title>
                    </item>
                    <item identifier="ITEM30" identifierref="MANIFEST_RESOURCE30" isvisible="1" parameters="">
                        <title>1.7.3 Структурированные схемы</title>
                    </item>
                </item>
                <item identifier="ITEM31" identifierref="MANIFEST_RESOURCE31" isvisible="1" parameters="">
                    <title>Контрольные вопросы по главе 1</title>
                </item>
            </item>
        </organization>
    </organizations>
    <resources>
        <resource identifier="MANIFEST_RESOURCE1" type="webcontent" href="HTML/Page1.HTML">
            <file href="HTML/Page1.HTML" />
        </resource>

        <resource identifier="MANIFEST_RESOURCE3" type="webcontent" href="HTML/Page3.HTML">
            <file href="HTML/Page3.HTML" />
        </resource>
        <resource identifier="MANIFEST_RESOURCE4" type="webcontent" href="HTML/Page4.HTML">
            <file href="HTML/Page4.HTML" />
        </resource>
        <resource identifier="MANIFEST_RESOURCE5" type="webcontent" href="HTML/Page5.HTML">
            <file href="HTML/Page5.HTML" />
        </resource>

        <resource identifier="MANIFEST_RESOURCE7" type="webcontent" href="HTML/Page7.HTML">
            <file href="HTML/Page7.HTML" />
        </resource>
        <resource identifier="MANIFEST_RESOURCE8" type="webcontent" href="HTML/Page8.HTML">
            <file href="HTML/Page8.HTML" />
        </resource>
        <resource identifier="MANIFEST_RESOURCE9" type="webcontent" href="HTML/Page9.HTML">
            <file href="HTML/Page9.HTML" />
        </resource>
        <resource identifier="MANIFEST_RESOURCE10" type="webcontent" href="HTML/Page10.HTML">
            <file href="HTML/Page10.HTML" />
        </resource>

        <resource identifier="MANIFEST_RESOURCE12" type="webcontent" href="HTML/Page12.HTML">
            <file href="HTML/Page12.HTML" />
        </resource>
        <resource identifier="MANIFEST_RESOURCE13" type="webcontent" href="HTML/Page13.HTML">
            <file href="HTML/Page13.HTML" />
        </resource>
        <resource identifier="MANIFEST_RESOURCE14" type="webcontent" href="HTML/Page14.HTML">
            <file href="HTML/Page14.HTML" />
        </resource>
        <resource identifier="MANIFEST_RESOURCE15" type="webcontent" href="HTML/Page15.HTML">
            <file href="HTML/Page15.HTML" />
        </resource>

        <resource identifier="MANIFEST_RESOURCE17" type="webcontent" href="HTML/Page17.HTML">
            <file href="HTML/Page17.HTML" />
        </resource>
        <resource identifier="MANIFEST_RESOURCE18" type="webcontent" href="HTML/Page18.HTML">
            <file href="HTML/Page18.HTML" />
        </resource>
        <resource identifier="MANIFEST_RESOURCE19" type="webcontent" href="HTML/Page19.HTML">
            <file href="HTML/Page19.HTML" />
        </resource>
        <resource identifier="MANIFEST_RESOURCE20" type="webcontent" href="HTML/Page20.HTML">
            <file href="HTML/Page20.HTML" />
        </resource>

        <resource identifier="MANIFEST_RESOURCE22" type="webcontent" href="HTML/Page22.HTML">
            <file href="HTML/Page22.HTML" />
        </resource>
        <resource identifier="MANIFEST_RESOURCE23" type="webcontent" href="HTML/Page23.HTML">
            <file href="HTML/Page23.HTML" />
        </resource>

        <resource identifier="MANIFEST_RESOURCE25" type="webcontent" href="HTML/Page25.HTML">
            <file href="HTML/Page25.HTML" />
        </resource>
        <resource identifier="MANIFEST_RESOURCE26" type="webcontent" href="HTML/Page26.HTML">
            <file href="HTML/Page26.HTML" />
        </resource>

        <resource identifier="MANIFEST_RESOURCE28" type="webcontent" href="HTML/Page28.HTML">
            <file href="HTML/Page28.HTML" />
        </resource>
        <resource identifier="MANIFEST_RESOURCE29" type="webcontent" href="HTML/Page29.HTML">
            <file href="HTML/Page29.HTML" />
        </resource>
        <resource identifier="MANIFEST_RESOURCE30" type="webcontent" href="HTML/Page30.HTML">
            <file href="HTML/Page30.HTML" />
        </resource>
        <resource identifier="MANIFEST_RESOURCE31" type="webcontent" href="HTML/Page31.HTML">
            <file href="HTML/Page31.HTML" />
        </resource>
    </resources>
</manifest>