﻿<?xml version="1.0" encoding="utf-8"?>
<!-- WebCT XML Content generated by WebCT Content Packaging API -->
<manifest identifier="CMD_7926940_M" version="1.0" xmlns="http://www.imsproject.org/content" xmlns:webct="http://www.webct.com/IMS">
  <metadata>
    <schema>WebCT Content</schema>
    <schemaversion>2.16</schemaversion>
    <lom xmlns="http://www.imsproject.org/metadata">
      <general>
      <title>
          <langstring xml:lang="en-US">Модуль содержания</langstring>
        </title>
      </general>
      <educational>
        <learningresourcetype>
          <source>
            <langstring xml:lang="x-none">WebCT</langstring>
          </source>
          <value>
            <langstring xml:lang="x-none">Content Module</langstring>
          </value>
        </learningresourcetype>
      </educational>
    </lom>
  </metadata>
  <organizations>
    <organization identifier="MANIFEST01_ORG1">
      <webct:properties identifierref="MANIFEST01_ORG0" />
      
      <item identifier="ITEM1" identifierref="MANIFEST_RESOURCE1" isvisible="1" parameters="">
      <title>Глава 3.  Теоретические модели вычислительных процессов</title>
        
      <item identifier="ITEM2" identifierref="MANIFEST_RESOURCE2" isvisible="1" parameters="">
      <title>3.1 Взаимодействующие последовательные процессы</title>
          
      <item identifier="ITEM3" identifierref="MANIFEST_RESOURCE3" isvisible="1" parameters="">
      <title>3.1.1 Базовые определения</title>
          
      </item>
          
      <item identifier="ITEM4" identifierref="MANIFEST_RESOURCE4" isvisible="1" parameters="">
      <title>3.1.2 Законы взаимодействия последовательных процессов</title>
          
      </item>
          
      <item identifier="ITEM5" identifierref="MANIFEST_RESOURCE5" isvisible="1" parameters="">
      <title>3.1.3 Реализация процессов</title>
          
      </item>
          
      <item identifier="ITEM6" identifierref="MANIFEST_RESOURCE6" isvisible="1" parameters="">
      <title>3.1.4 Протоколы поведения процесса</title>
          
      </item>
          
      <item identifier="ITEM7" identifierref="MANIFEST_RESOURCE7" isvisible="1" parameters="">
      <title>3.1.5 Операции над протоколами</title>
          
      </item>
          
      <item identifier="ITEM8" identifierref="MANIFEST_RESOURCE8" isvisible="1" parameters="">
      <title>3.1.6 Протоколы процесса</title>
          
      </item>
          
      <item identifier="ITEM9" identifierref="MANIFEST_RESOURCE9" isvisible="1" parameters="">
      <title>3.1.7 Спецификации</title>
          
      </item>
        
      </item>
        
      <item identifier="ITEM10" identifierref="MANIFEST_RESOURCE10" isvisible="1" parameters="">
      <title>3.2 Параллельные процессы</title>
          
      <item identifier="ITEM11" identifierref="MANIFEST_RESOURCE11" isvisible="1" parameters="">
      <title>3.2.1 Взаимодействие процессов</title>
          
      </item>
          
      <item identifier="ITEM12" identifierref="MANIFEST_RESOURCE12" isvisible="1" parameters="">
      <title>3.2.2 Параллелизм</title>
          
      </item>
          
      <item identifier="ITEM13" identifierref="MANIFEST_RESOURCE13" isvisible="1" parameters="">
      <title>3.2.3 Задача об обедающих философах</title>
          
      </item>
          
      <item identifier="ITEM14" identifierref="MANIFEST_RESOURCE14" isvisible="1" parameters="">
      <title>3.2.4 Помеченные процессы</title>
          
      </item>
          
      <item identifier="ITEM15" identifierref="MANIFEST_RESOURCE15" isvisible="1" parameters="">
      <title>3.2.5 Множественная пометка</title>
          
      </item>
        
      </item>
        
      <item identifier="ITEM16" identifierref="MANIFEST_RESOURCE16" isvisible="1" parameters="">
      <title>3.3 Обмен сообщениями</title>
          
      <item identifier="ITEM17" identifierref="MANIFEST_RESOURCE17" isvisible="1" parameters="">
      <title>3.3.1 Ввод и вывод</title>
          
      </item>
          
      <item identifier="ITEM18" identifierref="MANIFEST_RESOURCE18" isvisible="1" parameters="">
      <title>3.3.2 Взаимодействия</title>
          
      </item>
          
      <item identifier="ITEM19" identifierref="MANIFEST_RESOURCE19" isvisible="1" parameters="">
      <title>3.3.3 Подчинение</title>
          
      </item>
        
      </item>
        
      <item identifier="ITEM20" identifierref="MANIFEST_RESOURCE20" isvisible="1" parameters="">
      <title>3.4 Разделяемые ресурсы</title>
          
      <item identifier="ITEM21" identifierref="MANIFEST_RESOURCE21" isvisible="1" parameters="">
      <title>3.4.1 Поочередное использование</title>
          
      </item>
          
      <item identifier="ITEM22" identifierref="MANIFEST_RESOURCE22" isvisible="1" parameters="">
      <title>3.4.2 Общая память</title>
          
      </item>
          
      <item identifier="ITEM23" identifierref="MANIFEST_RESOURCE23" isvisible="1" parameters="">
      <title>3.4.3 Кратные ресурсы</title>
          
      </item>
          
      <item identifier="ITEM24" identifierref="MANIFEST_RESOURCE24" isvisible="1" parameters="">
      <title>3.4.4 Планирование ресурсов</title>
          
      </item>
        
      </item>
        
      <item identifier="ITEM25" identifierref="MANIFEST_RESOURCE25" isvisible="1" parameters="">
      <title>3.5 Программирование параллельных вычислений</title>
          
      <item identifier="ITEM26" identifierref="MANIFEST_RESOURCE26" isvisible="1" parameters="">
      <title>3.5.1 Основные понятия</title>
          
      </item>
          
      <item identifier="ITEM27" identifierref="MANIFEST_RESOURCE27" isvisible="1" parameters="">
      <title>3.5.2 Многопоточная обработка</title>
          
      </item>
          
      <item identifier="ITEM28" identifierref="MANIFEST_RESOURCE28" isvisible="1" parameters="">
      <title>3.5.3 Условные критические участки</title>
          
      </item>
          
      <item identifier="ITEM29" identifierref="MANIFEST_RESOURCE29" isvisible="1" parameters="">
      <title>3.5.4 Мониторы</title>
          
      </item>
        
      </item>
        
      <item identifier="ITEM30" identifierref="MANIFEST_RESOURCE30" isvisible="1" parameters="">
      <title>3.6 Модели параллельных вычислений</title>
        
      </item>
        
      <item identifier="ITEM31" identifierref="MANIFEST_RESOURCE31" isvisible="1" parameters="">
      <title>3.6.1 Модель «процесс/канал»</title>
          
      <item identifier="ITEM32" identifierref="MANIFEST_RESOURCE32" isvisible="1" parameters="">
      <title>3.6.2 Модель обмена сообщениями</title>
          
      </item>
          
      <item identifier="ITEM33" identifierref="MANIFEST_RESOURCE33" isvisible="1" parameters="">
      <title>3.6.3 Модель параллелизма данных</title>
          
      </item>
          
      <item identifier="ITEM34" identifierref="MANIFEST_RESOURCE34" isvisible="1" parameters="">
      <title>3.6.4 Модель общей памяти</title>
          
      </item>
        
      </item>
        
      <item identifier="ITEM35" identifierref="MANIFEST_RESOURCE35" isvisible="1" parameters="">
      <title>Контрольные вопросы по главе 3</title>
        
      </item>
      
      </item>
    </organization>
  </organizations>
  <resources>
    <resource identifier="MANIFEST_RESOURCE1" type="webcontent" href="HTML/Page1.HTML">
      <file href="HTML/Page1.HTML" />
    </resource>
    <resource identifier="MANIFEST_RESOURCE2" type="webcontent" href="HTML/Page2.HTML">
      <file href="HTML/Page2.HTML" />
    </resource>
    <resource identifier="MANIFEST_RESOURCE3" type="webcontent" href="HTML/Page3.HTML">
      <file href="HTML/Page3.HTML" />
    </resource>
    <resource identifier="MANIFEST_RESOURCE4" type="webcontent" href="HTML/Page4.HTML">
      <file href="HTML/Page4.HTML" />
    </resource>
    <resource identifier="MANIFEST_RESOURCE5" type="webcontent" href="HTML/Page5.HTML">
      <file href="HTML/Page5.HTML" />
    </resource>
    <resource identifier="MANIFEST_RESOURCE6" type="webcontent" href="HTML/Page6.HTML">
      <file href="HTML/Page6.HTML" />
    </resource>
    <resource identifier="MANIFEST_RESOURCE7" type="webcontent" href="HTML/Page7.HTML">
      <file href="HTML/Page7.HTML" />
    </resource>
    <resource identifier="MANIFEST_RESOURCE8" type="webcontent" href="HTML/Page8.HTML">
      <file href="HTML/Page8.HTML" />
    </resource>
    <resource identifier="MANIFEST_RESOURCE9" type="webcontent" href="HTML/Page9.HTML">
      <file href="HTML/Page9.HTML" />
    </resource>
    <resource identifier="MANIFEST_RESOURCE10" type="webcontent" href="HTML/Page10.HTML">
      <file href="HTML/Page10.HTML" />
    </resource>
    <resource identifier="MANIFEST_RESOURCE11" type="webcontent" href="HTML/Page11.HTML">
      <file href="HTML/Page11.HTML" />
    </resource>
    <resource identifier="MANIFEST_RESOURCE12" type="webcontent" href="HTML/Page12.HTML">
      <file href="HTML/Page12.HTML" />
    </resource>
    <resource identifier="MANIFEST_RESOURCE13" type="webcontent" href="HTML/Page13.HTML">
      <file href="HTML/Page13.HTML" />
    </resource>
    <resource identifier="MANIFEST_RESOURCE14" type="webcontent" href="HTML/Page14.HTML">
      <file href="HTML/Page14.HTML" />
    </resource>
    <resource identifier="MANIFEST_RESOURCE15" type="webcontent" href="HTML/Page15.HTML">
      <file href="HTML/Page15.HTML" />
    </resource>
    <resource identifier="MANIFEST_RESOURCE16" type="webcontent" href="HTML/Page16.HTML">
      <file href="HTML/Page16.HTML" />
    </resource>
    <resource identifier="MANIFEST_RESOURCE17" type="webcontent" href="HTML/Page17.HTML">
      <file href="HTML/Page17.HTML" />
    </resource>
    <resource identifier="MANIFEST_RESOURCE18" type="webcontent" href="HTML/Page18.HTML">
      <file href="HTML/Page18.HTML" />
    </resource>
    <resource identifier="MANIFEST_RESOURCE19" type="webcontent" href="HTML/Page19.HTML">
      <file href="HTML/Page19.HTML" />
    </resource>
    <resource identifier="MANIFEST_RESOURCE20" type="webcontent" href="HTML/Page20.HTML">
      <file href="HTML/Page20.HTML" />
    </resource>
    <resource identifier="MANIFEST_RESOURCE21" type="webcontent" href="HTML/Page21.HTML">
      <file href="HTML/Page21.HTML" />
    </resource>
    <resource identifier="MANIFEST_RESOURCE22" type="webcontent" href="HTML/Page22.HTML">
      <file href="HTML/Page22.HTML" />
    </resource>
    <resource identifier="MANIFEST_RESOURCE23" type="webcontent" href="HTML/Page23.HTML">
      <file href="HTML/Page23.HTML" />
    </resource>
    <resource identifier="MANIFEST_RESOURCE24" type="webcontent" href="HTML/Page24.HTML">
      <file href="HTML/Page24.HTML" />
    </resource>

    <resource identifier="MANIFEST_RESOURCE26" type="webcontent" href="HTML/Page26.HTML">
      <file href="HTML/Page26.HTML" />
    </resource>
    <resource identifier="MANIFEST_RESOURCE27" type="webcontent" href="HTML/Page27.HTML">
      <file href="HTML/Page27.HTML" />
    </resource>
    <resource identifier="MANIFEST_RESOURCE28" type="webcontent" href="HTML/Page28.HTML">
      <file href="HTML/Page28.HTML" />
    </resource>
    <resource identifier="MANIFEST_RESOURCE29" type="webcontent" href="HTML/Page29.HTML">
      <file href="HTML/Page29.HTML" />
    </resource>
    <resource identifier="MANIFEST_RESOURCE30" type="webcontent" href="HTML/Page30.HTML">
      <file href="HTML/Page30.HTML" />
    </resource>
    <resource identifier="MANIFEST_RESOURCE31" type="webcontent" href="HTML/Page31.HTML">
      <file href="HTML/Page31.HTML" />
    </resource>
    <resource identifier="MANIFEST_RESOURCE32" type="webcontent" href="HTML/Page32.HTML">
      <file href="HTML/Page32.HTML" />
    </resource>
    <resource identifier="MANIFEST_RESOURCE33" type="webcontent" href="HTML/Page33.HTML">
      <file href="HTML/Page33.HTML" />
    </resource>
    <resource identifier="MANIFEST_RESOURCE34" type="webcontent" href="HTML/Page34.HTML">
      <file href="HTML/Page34.HTML" />
    </resource>
    <resource identifier="MANIFEST_RESOURCE35" type="webcontent" href="HTML/Page35.HTML">
      <file href="HTML/Page35.HTML" />
    </resource>
  </resources>
</manifest>