﻿<?xml version="1.0" encoding="utf-8"?>
<!-- WebCT XML Content generated by WebCT Content Packaging API -->
<manifest identifier="CMD_7926940_M" version="1.0" xmlns="http://www.imsproject.org/content" xmlns:webct="http://www.webct.com/IMS">
  <metadata>
    <schema>WebCT Content</schema>
    <schemaversion>2.16</schemaversion>
    <lom xmlns="http://www.imsproject.org/metadata">
      <general>
      <title>
          <langstring xml:lang="en-US">Модуль содержания</langstring>
        </title>
      </general>
      <educational>
        <learningresourcetype>
          <source>
            <langstring xml:lang="x-none">WebCT</langstring>
          </source>
          <value>
            <langstring xml:lang="x-none">Content Module</langstring>
          </value>
        </learningresourcetype>
      </educational>
    </lom>
  </metadata>
  <organizations>
    <organization identifier="MANIFEST01_ORG1">
      <webct:properties identifierref="MANIFEST01_ORG0" />
      
      <item identifier="ITEM1" identifierref="MANIFEST_RESOURCE1" isvisible="1" parameters="">
      <title>Глоссарий</title>
      
      </item>
    </organization>
  </organizations>
  <resources>
    <resource identifier="MANIFEST_RESOURCE1" type="webcontent" href="HTML/Page1.HTML">
      <file href="HTML/Page1.HTML" />
    </resource>
  </resources>
</manifest>